Sukhumi,Kabul,"{""destination_addresses""=>[""Kabul, Afghanistan""], ""origin_addresses""=>[""Sokhumi""], ""rows""=>[{""elements""=>[{""distance""=>{""text""=>""3,611 km"", ""value""=>3611182}, ""duration""=>{""text""=>""1 day 23 hours"", ""value""=>167428}, ""status""=>""OK""}]}], ""status""=>""OK""}",\n
Sukhumi,Episkopi Cantonment,"{""destination_addresses""=>[""Episkopi Cantonment, UK""], ""origin_addresses""=>[""Sokhumi""], ""rows""=>[{""elements""=>[{""distance""=>{""text""=>""1,668 km"", ""value""=>1667668}, ""duration""=>{""text""=>""1 day 3 hours"", ""value""=>97461}, ""status""=>""OK""}]}], ""status""=>""OK""}",\n
Sukhumi,Tirana,"{""destination_addresses""=>[""Tirana, Albania""], ""origin_addresses""=>[""Sokhumi""], ""rows""=>[{""elements""=>[{""distance""=>{""text""=>""2,489 km"", ""value""=>2489482}, ""duration""=>{""text""=>""1 day 6 hours"", ""value""=>108097}, ""status""=>""OK""}]}], ""status""=>""OK""}",\n
Sukhumi,Algiers,"{""destination_addresses""=>[""Algiers, Sidi M'Hamed, Algeria""], ""origin_addresses""=>[""Sokhumi""], ""rows""=>[{""elements""=>[{""distance""=>{""text""=>""4,539 km"", ""value""=>4538834}, ""duration""=>{""text""=>""2 days 17 hours"", ""value""=>233063}, ""status""=>""OK""}]}], ""status""=>""OK""}",\n
Sukhumi,Pago Pago,"{""destination_addresses""=>[""Pago Pago, Eastern District, American Samoa""], ""origin_addresses""=>[""Sokhumi""], ""rows""=>[{""elements""=>[{""status""=>""ZERO_RESULTS""}]}], ""status""=>""OK""}",\n
Sukhumi,Andorra la Vella,"{""destination_addresses""=>[""AD500 Andorra la Vella, Andorra""], ""origin_addresses""=>[""Sokhumi""], ""rows""=>[{""elements""=>[{""distance""=>{""text""=>""4,409 km"", ""value""=>4408669}, ""duration""=>{""text""=>""2 days 0 hours"", ""value""=>173715}, ""status""=>""OK""}]}], ""status""=>""OK""}",\n
Sukhumi,Luanda,"{""destination_addresses""=>[""Luanda, Angola""], ""origin_addresses""=>[""Sokhumi""], ""rows""=>[{""elements""=>[{""distance""=>{""text""=>""9,640 km"", ""value""=>9640113}, ""duration""=>{""text""=>""6 days 22 hours"", ""value""=>599240}, ""status""=>""OK""}]}], ""status""=>""OK""}",\n
Sukhumi,The Valley,"{""destination_addresses""=>[""San Fernando Valley, CA, USA""], ""origin_addresses""=>[""Sokhumi""], ""rows""=>[{""elements""=>[{""status""=>""ZERO_RESULTS""}]}], ""status""=>""OK""}",\n
Sukhumi,St. John's,"{""destination_addresses""=>[""8000 Utopia Pkwy, Jamaica, NY 11439, USA""], ""origin_addresses""=>[""Sokhumi""], ""rows""=>[{""elements""=>[{""status""=>""ZERO_RESULTS""}]}], ""status""=>""OK""}",\n
Sukhumi,Buenos Aires,"{""destination_addresses""=>[""Buenos Aires, Argentina""], ""origin_addresses""=>[""Sokhumi""], ""rows""=>[{""elements""=>[{""status""=>""ZERO_RESULTS""}]}], ""status""=>""OK""}",\n
Sukhumi,Yerevan,"{""destination_addresses""=>[""Yerevan, Armenia""], ""origin_addresses""=>[""Sokhumi""], ""rows""=>[{""elements""=>[{""distance""=>{""text""=>""700 km"", ""value""=>700368}, ""duration""=>{""text""=>""11 hours 2 mins"", ""value""=>39716}, ""status""=>""OK""}]}], ""status""=>""OK""}",\n
Sukhumi,Oranjestad,"{""destination_addresses""=>[""Oranjestad, Aruba""], ""origin_addresses""=>[""Sokhumi""], ""rows""=>[{""elements""=>[{""status""=>""ZERO_RESULTS""}]}], ""status""=>""OK""}",\n
Sukhumi,Georgetown,"{""destination_addresses""=>[""3700 O St NW, Washington, DC 20057, USA""], ""origin_addresses""=>[""Sokhumi""], ""rows""=>[{""elements""=>[{""status""=>""ZERO_RESULTS""}]}], ""status""=>""OK""}",\n
Sukhumi,Canberra,"{""destination_addresses""=>[""Canberra ACT 2601, Australia""], ""origin_addresses""=>[""Sokhumi""], ""rows""=>[{""elements""=>[{""status""=>""ZERO_RESULTS""}]}], ""status""=>""OK""}",\n
Sukhumi,Vienna,"{""destination_addresses""=>[""Vienna, Austria""], ""origin_addresses""=>[""Sokhumi""], ""rows""=>[{""elements""=>[{""distance""=>{""text""=>""3,058 km"", ""value""=>3058165}, ""duration""=>{""text""=>""1 day 10 hours"", ""value""=>123218}, ""status""=>""OK""}]}], ""status""=>""OK""}",\n
Sukhumi,Baku,"{""destination_addresses""=>[""Baku, Azerbaijan""], ""origin_addresses""=>[""Sokhumi""], ""rows""=>[{""elements""=>[{""distance""=>{""text""=>""1,005 km"", ""value""=>1004816}, ""duration""=>{""text""=>""13 hours 26 mins"", ""value""=>48378}, ""status""=>""OK""}]}], ""status""=>""OK""}",\n
Sukhumi,Nassau,"{""destination_addresses""=>[""Nassau, The Bahamas""], ""origin_addresses""=>[""Sokhumi""], ""rows""=>[{""elements""=>[{""status""=>""ZERO_RESULTS""}]}], ""status""=>""OK""}",\n
Sukhumi,Manama,"{""destination_addresses""=>[""Manama, Bahrain""], ""origin_addresses""=>[""Sokhumi""], ""rows""=>[{""elements""=>[{""distance""=>{""text""=>""2,759 km"", ""value""=>2758597}, ""duration""=>{""text""=>""1 day 10 hours"", ""value""=>123547}, ""status""=>""OK""}]}], ""status""=>""OK""}",\n
Sukhumi,Dhaka,"{""destination_addresses""=>[""Dhaka, Bangladesh""], ""origin_addresses""=>[""Sokhumi""], ""rows""=>[{""elements""=>[{""status""=>""ZERO_RESULTS""}]}], ""status""=>""OK""}",\n
Sukhumi,Bridgetown,"{""destination_addresses""=>[""Bridgetown, Barbados""], ""origin_addresses""=>[""Sokhumi""], ""rows""=>[{""elements""=>[{""status""=>""ZERO_RESULTS""}]}], ""status""=>""OK""}",\n
Sukhumi,Minsk,"{""destination_addresses""=>[""Minsk, Belarus""], ""origin_addresses""=>[""Sokhumi""], ""rows""=>[{""elements""=>[{""distance""=>{""text""=>""2,264 km"", ""value""=>2263584}, ""duration""=>{""text""=>""1 day 5 hours"", ""value""=>106128}, ""status""=>""OK""}]}], ""status""=>""OK""}",\n
Sukhumi,Brussels,"{""destination_addresses""=>[""Brussels, Belgium""], ""origin_addresses""=>[""Sokhumi""], ""rows""=>[{""elements""=>[{""distance""=>{""text""=>""3,492 km"", ""value""=>3491922}, ""duration""=>{""text""=>""1 day 20 hours"", ""value""=>159462}, ""status""=>""OK""}]}], ""status""=>""OK""}",\n
Sukhumi,Belmopan,"{""destination_addresses""=>[""Belmopan, Belize""], ""origin_addresses""=>[""Sokhumi""], ""rows""=>[{""elements""=>[{""status""=>""ZERO_RESULTS""}]}], ""status""=>""OK""}",\n
Sukhumi,Porto-Novo,"{""destination_addresses""=>[""Porto Novo, Benin""], ""origin_addresses""=>[""Sokhumi""], ""rows""=>[{""elements""=>[{""distance""=>{""text""=>""8,580 km"", ""value""=>8579663}, ""duration""=>{""text""=>""5 days 3 hours"", ""value""=>442512}, ""status""=>""OK""}]}], ""status""=>""OK""}",\n
Sukhumi,Hamilton,"{""destination_addresses""=>[""2601 Walnut St, Coffeyville, KS 67337, USA""], ""origin_addresses""=>[""Sokhumi""], ""rows""=>[{""elements""=>[{""status""=>""ZERO_RESULTS""}]}], ""status""=>""OK""}",\n
Sukhumi,Thimphu,"{""destination_addresses""=>[""Thimphu, Bhutan""], ""origin_addresses""=>[""Sokhumi""], ""rows""=>[{""elements""=>[{""status""=>""ZERO_RESULTS""}]}], ""status""=>""OK""}",\n
Sukhumi,Sucre,"{""destination_addresses""=>[""622 Conti St, New Orleans, LA 70130, USA""], ""origin_addresses""=>[""Sokhumi""], ""rows""=>[{""elements""=>[{""status""=>""ZERO_RESULTS""}]}], ""status""=>""OK""}",\n
Sukhumi,La Paz,"{""destination_addresses""=>[""La Paz, Bolivia""], ""origin_addresses""=>[""Sokhumi""], ""rows""=>[{""elements""=>[{""status""=>""ZERO_RESULTS""}]}], ""status""=>""OK""}",\n
Sukhumi,Sarajevo,"{""destination_addresses""=>[""Sarajevo, Bosnia and Herzegovina""], ""origin_addresses""=>[""Sokhumi""], ""rows""=>[{""elements""=>[{""distance""=>{""text""=>""2,656 km"", ""value""=>2656245}, ""duration""=>{""text""=>""1 day 9 hours"", ""value""=>118092}, ""status""=>""OK""}]}], ""status""=>""OK""}",\n
Sukhumi,Gaborone,"{""destination_addresses""=>[""Gaborone, Botswana""], ""origin_addresses""=>[""Sokhumi""], ""rows""=>[{""elements""=>[{""distance""=>{""text""=>""10,675 km"", ""value""=>10675053}, ""duration""=>{""text""=>""7 days 6 hours"", ""value""=>626694}, ""status""=>""OK""}]}], ""status""=>""OK""}",\n
Sukhumi,Brasilia,"{""destination_addresses""=>[""Brasilia - Federal District, Brazil""], ""origin_addresses""=>[""Sokhumi""], ""rows""=>[{""elements""=>[{""status""=>""ZERO_RESULTS""}]}], ""status""=>""OK""}",\n
Sukhumi,Road Town,"{""destination_addresses""=>[""Road Town, British Virgin Islands""], ""origin_addresses""=>[""Sokhumi""], ""rows""=>[{""elements""=>[{""status""=>""ZERO_RESULTS""}]}], ""status""=>""OK""}",\n
Sukhumi,Bandar Seri Begawan,"{""destination_addresses""=>[""Bandar Seri Begawan, Brunei""], ""origin_addresses""=>[""Sokhumi""], ""rows""=>[{""elements""=>[{""status""=>""ZERO_RESULTS""}]}], ""status""=>""OK""}",\n
Sukhumi,Sofia,"{""destination_addresses""=>[""Sofia, Bulgaria""], ""origin_addresses""=>[""Sokhumi""], ""rows""=>[{""elements""=>[{""distance""=>{""text""=>""2,045 km"", ""value""=>2044943}, ""duration""=>{""text""=>""1 day 0 hours"", ""value""=>87159}, ""status""=>""OK""}]}], ""status""=>""OK""}",\n
Sukhumi,Ouagadougou,"{""destination_addresses""=>[""Ouagadougou, Burkina Faso""], ""origin_addresses""=>[""Sokhumi""], ""rows""=>[{""elements""=>[{""distance""=>{""text""=>""8,377 km"", ""value""=>8377298}, ""duration""=>{""text""=>""5 days 0 hours"", ""value""=>432003}, ""status""=>""OK""}]}], ""status""=>""OK""}",\n
Sukhumi,Bujumbura,"{""destination_addresses""=>[""Bujumbura, Burundi""], ""origin_addresses""=>[""Sokhumi""], ""rows""=>[{""elements""=>[{""distance""=>{""text""=>""7,519 km"", ""value""=>7518610}, ""duration""=>{""text""=>""5 days 13 hours"", ""value""=>479582}, ""status""=>""OK""}]}], ""status""=>""OK""}",\n
Sukhumi,Phnom Penh,"{""destination_addresses""=>[""Phnom Penh, Cambodia""], ""origin_addresses""=>[""Sokhumi""], ""rows""=>[{""elements""=>[{""status""=>""ZERO_RESULTS""}]}], ""status""=>""OK""}",\n
Sukhumi,Yaoundé,"{""destination_addresses""=>[""Yaounde, Cameroon""], ""origin_addresses""=>[""Sokhumi""], ""rows""=>[{""elements""=>[{""distance""=>{""text""=>""9,060 km"", ""value""=>9060311}, ""duration""=>{""text""=>""5 days 11 hours"", ""value""=>473321}, ""status""=>""OK""}]}], ""status""=>""OK""}",\n
Sukhumi,Ottawa,"{""destination_addresses""=>[""Ottawa, ON, Canada""], ""origin_addresses""=>[""Sokhumi""], ""rows""=>[{""elements""=>[{""status""=>""ZERO_RESULTS""}]}], ""status""=>""OK""}",\n
Sukhumi,Praia,"{""destination_addresses""=>[""Praia, Cape Verde""], ""origin_addresses""=>[""Sokhumi""], ""rows""=>[{""elements""=>[{""status""=>""ZERO_RESULTS""}]}], ""status""=>""OK""}",\n
Sukhumi,George Town,"{""destination_addresses""=>[""3700 O St NW, Washington, DC 20057, USA""], ""origin_addresses""=>[""Sokhumi""], ""rows""=>[{""elements""=>[{""status""=>""ZERO_RESULTS""}]}], ""status""=>""OK""}",\n
Sukhumi,Bangui,"{""destination_addresses""=>[""Bangui, Central African Republic""], ""origin_addresses""=>[""Sokhumi""], ""rows""=>[{""elements""=>[{""distance""=>{""text""=>""7,181 km"", ""value""=>7181418}, ""duration""=>{""text""=>""5 days 5 hours"", ""value""=>450064}, ""status""=>""OK""}]}], ""status""=>""OK""}",\n
Sukhumi,N'Djamena,"{""destination_addresses""=>[""N'Djamena, Chad""], ""origin_addresses""=>[""Sokhumi""], ""rows""=>[{""elements""=>[{""distance""=>{""text""=>""6,685 km"", ""value""=>6684506}, ""duration""=>{""text""=>""4 days 23 hours"", ""value""=>427552}, ""status""=>""OK""}]}], ""status""=>""OK""}",\n
Sukhumi,Santiago,"{""destination_addresses""=>[""Santiago, Santiago Metropolitan Region, Chile""], ""origin_addresses""=>[""Sokhumi""], ""rows""=>[{""elements""=>[{""status""=>""ZERO_RESULTS""}]}], ""status""=>""OK""}",\n
Sukhumi,Beijing,"{""destination_addresses""=>[""Beijing, China""], ""origin_addresses""=>[""Sokhumi""], ""rows""=>[{""elements""=>[{""status""=>""ZERO_RESULTS""}]}], ""status""=>""OK""}",\n
Sukhumi,Flying Fish Cove,"{""destination_addresses""=>[""Flying Fish Cove, Christmas Island""], ""origin_addresses""=>[""Sokhumi""], ""rows""=>[{""elements""=>[{""status""=>""ZERO_RESULTS""}]}], ""status""=>""OK""}",\n
Sukhumi,West Island,"{""destination_addresses""=>[""West Island, Fairhaven, MA 02719, USA""], ""origin_addresses""=>[""Sokhumi""], ""rows""=>[{""elements""=>[{""status""=>""ZERO_RESULTS""}]}], ""status""=>""OK""}",\n
Sukhumi,Bogotá,"{""destination_addresses""=>[""Bogotá, Bogota, Colombia""], ""origin_addresses""=>[""Sokhumi""], ""rows""=>[{""elements""=>[{""status""=>""ZERO_RESULTS""}]}], ""status""=>""OK""}",\n
Sukhumi,Moroni,"{""destination_addresses""=>[""Moroni, UT 84646, USA""], ""origin_addresses""=>[""Sokhumi""], ""rows""=>[{""elements""=>[{""status""=>""ZERO_RESULTS""}]}], ""status""=>""OK""}",\n
Sukhumi,Avarua,"{""destination_addresses""=>[""Avarua District, Cook Islands""], ""origin_addresses""=>[""Sokhumi""], ""rows""=>[{""elements""=>[{""status""=>""ZERO_RESULTS""}]}], ""status""=>""OK""}",\n
Sukhumi,San José,"{""destination_addresses""=>[""San Jose, CA, USA""], ""origin_addresses""=>[""Sokhumi""], ""rows""=>[{""elements""=>[{""status""=>""ZERO_RESULTS""}]}], ""status""=>""OK""}",\n
Sukhumi,Zagreb,"{""destination_addresses""=>[""Zagreb, Croatia""], ""origin_addresses""=>[""Sokhumi""], ""rows""=>[{""elements""=>[{""distance""=>{""text""=>""2,837 km"", ""value""=>2837045}, ""duration""=>{""text""=>""1 day 8 hours"", ""value""=>115915}, ""status""=>""OK""}]}], ""status""=>""OK""}",\n
Sukhumi,Havana,"{""destination_addresses""=>[""Havana, Cuba""], ""origin_addresses""=>[""Sokhumi""], ""rows""=>[{""elements""=>[{""status""=>""ZERO_RESULTS""}]}], ""status""=>""OK""}",\n
Sukhumi,Willemstad,"{""destination_addresses""=>[""Willemstad, Curaçao""], ""origin_addresses""=>[""Sokhumi""], ""rows""=>[{""elements""=>[{""status""=>""ZERO_RESULTS""}]}], ""status""=>""OK""}",\n
Sukhumi,Nicosia,"{""destination_addresses""=>[""Nicosia, Cyprus""], ""origin_addresses""=>[""Sokhumi""], ""rows""=>[{""elements""=>[{""distance""=>{""text""=>""1,567 km"", ""value""=>1567257}, ""duration""=>{""text""=>""1 day 2 hours"", ""value""=>93299}, ""status""=>""OK""}]}], ""status""=>""OK""}",\n
Sukhumi,Prague,"{""destination_addresses""=>[""Prague, Czechia""], ""origin_addresses""=>[""Sokhumi""], ""rows""=>[{""elements""=>[{""distance""=>{""text""=>""3,340 km"", ""value""=>3340062}, ""duration""=>{""text""=>""1 day 13 hours"", ""value""=>132489}, ""status""=>""OK""}]}], ""status""=>""OK""}",\n
Sukhumi,Yamoussoukro,"{""destination_addresses""=>[""Yamoussoukro, Côte d'Ivoire""], ""origin_addresses""=>[""Sokhumi""], ""rows""=>[{""elements""=>[{""distance""=>{""text""=>""10,669 km"", ""value""=>10668903}, ""duration""=>{""text""=>""5 days 6 hours"", ""value""=>454948}, ""status""=>""OK""}]}], ""status""=>""OK""}",\n
Sukhumi,Kinshasa,"{""destination_addresses""=>[""Kinshasa, Democratic Republic of the Congo""], ""origin_addresses""=>[""Sokhumi""], ""rows""=>[{""elements""=>[{""distance""=>{""text""=>""9,291 km"", ""value""=>9291330}, ""duration""=>{""text""=>""6 days 17 hours"", ""value""=>581175}, ""status""=>""OK""}]}], ""status""=>""OK""}",\n
Sukhumi,Copenhagen,"{""destination_addresses""=>[""Copenhagen, Denmark""], ""origin_addresses""=>[""Sokhumi""], ""rows""=>[{""elements""=>[{""distance""=>{""text""=>""3,289 km"", ""value""=>3288723}, ""duration""=>{""text""=>""1 day 19 hours"", ""value""=>156252}, ""status""=>""OK""}]}], ""status""=>""OK""}",\n
Sukhumi,Djibouti,"{""destination_addresses""=>[""Djibouti""], ""origin_addresses""=>[""Sokhumi""], ""rows""=>[{""elements""=>[{""distance""=>{""text""=>""5,974 km"", ""value""=>5974031}, ""duration""=>{""text""=>""4 days 13 hours"", ""value""=>392430}, ""status""=>""OK""}]}], ""status""=>""OK""}",\n
Sukhumi,Roseau,"{""destination_addresses""=>[""Roseau, MN 56751, USA""], ""origin_addresses""=>[""Sokhumi""], ""rows""=>[{""elements""=>[{""status""=>""ZERO_RESULTS""}]}], ""status""=>""OK""}",\n
Sukhumi,Santo Domingo,"{""destination_addresses""=>[""Santo Domingo, Dominican Republic""], ""origin_addresses""=>[""Sokhumi""], ""rows""=>[{""elements""=>[{""status""=>""ZERO_RESULTS""}]}], ""status""=>""OK""}",\n
Sukhumi,Dili,"{""destination_addresses""=>[""Díli, Timor-Leste""], ""origin_addresses""=>[""Sokhumi""], ""rows""=>[{""elements""=>[{""status""=>""ZERO_RESULTS""}]}], ""status""=>""OK""}",\n
Sukhumi,Hanga Roa,"{""destination_addresses""=>[""Hanga Roa, Easter Island, Valparaiso Region, Chile""], ""origin_addresses""=>[""Sokhumi""], ""rows""=>[{""elements""=>[{""status""=>""ZERO_RESULTS""}]}], ""status""=>""OK""}",\n
Sukhumi,Quito,"{""destination_addresses""=>[""Quito, Ecuador""], ""origin_addresses""=>[""Sokhumi""], ""rows""=>[{""elements""=>[{""status""=>""ZERO_RESULTS""}]}], ""status""=>""OK""}",\n
Sukhumi,Cairo,"{""destination_addresses""=>[""Cairo, Cairo Governorate, Egypt""], ""origin_addresses""=>[""Sokhumi""], ""rows""=>[{""elements""=>[{""distance""=>{""text""=>""2,660 km"", ""value""=>2660484}, ""duration""=>{""text""=>""1 day 13 hours"", ""value""=>131456}, ""status""=>""OK""}]}], ""status""=>""OK""}",\n
Sukhumi,San Salvador,"{""destination_addresses""=>[""San Salvador, El Salvador""], ""origin_addresses""=>[""Sokhumi""], ""rows""=>[{""elements""=>[{""status""=>""ZERO_RESULTS""}]}], ""status""=>""OK""}",\n
Sukhumi,Malabo,"{""destination_addresses""=>[""Malabo, Equatorial Guinea""], ""origin_addresses""=>[""Sokhumi""], ""rows""=>[{""elements""=>[{""status""=>""ZERO_RESULTS""}]}], ""status""=>""OK""}",\n
Sukhumi,Asmara,"{""destination_addresses""=>[""Asmara, Eritrea""], ""origin_addresses""=>[""Sokhumi""], ""rows""=>[{""elements""=>[{""distance""=>{""text""=>""5,073 km"", ""value""=>5073155}, ""duration""=>{""text""=>""3 days 22 hours"", ""value""=>339494}, ""status""=>""OK""}]}], ""status""=>""OK""}",\n
Sukhumi,Tallinn,"{""destination_addresses""=>[""Tallinn, Estonia""], ""origin_addresses""=>[""Sokhumi""], ""rows""=>[{""elements""=>[{""distance""=>{""text""=>""2,794 km"", ""value""=>2794290}, ""duration""=>{""text""=>""1 day 10 hours"", ""value""=>122701}, ""status""=>""OK""}]}], ""status""=>""OK""}",\n
Sukhumi,Addis Ababa,"{""destination_addresses""=>[""Addis Ababa, Ethiopia""], ""origin_addresses""=>[""Sokhumi""], ""rows""=>[{""elements""=>[{""distance""=>{""text""=>""5,714 km"", ""value""=>5713527}, ""duration""=>{""text""=>""4 days 10 hours"", ""value""=>381645}, ""status""=>""OK""}]}], ""status""=>""OK""}",\n
Sukhumi,Stanley,"{""destination_addresses""=>[""Independence, KS 67301, USA""], ""origin_addresses""=>[""Sokhumi""], ""rows""=>[{""elements""=>[{""status""=>""ZERO_RESULTS""}]}], ""status""=>""OK""}",\n
Sukhumi,Tórshavn,"{""destination_addresses""=>[""Tórshavn, Faroe Islands""], ""origin_addresses""=>[""Sokhumi""], ""rows""=>[{""elements""=>[{""distance""=>{""text""=>""4,746 km"", ""value""=>4746095}, ""duration""=>{""text""=>""3 days 10 hours"", ""value""=>296513}, ""status""=>""OK""}]}], ""status""=>""OK""}",\n
Sukhumi,Palikir,"{""destination_addresses""=>[""Palikir, Pohnpei, Federated States of Micronesia""], ""origin_addresses""=>[""Sokhumi""], ""rows""=>[{""elements""=>[{""status""=>""ZERO_RESULTS""}]}], ""status""=>""OK""}",\n
Sukhumi,Suva,"{""destination_addresses""=>[""Suva, Fiji""], ""origin_addresses""=>[""Sokhumi""], ""rows""=>[{""elements""=>[{""status""=>""ZERO_RESULTS""}]}], ""status""=>""OK""}",\n
Sukhumi,Helsinki,"{""destination_addresses""=>[""Helsinki, Finland""], ""origin_addresses""=>[""Sokhumi""], ""rows""=>[{""elements""=>[{""distance""=>{""text""=>""2,875 km"", ""value""=>2874847}, ""duration""=>{""text""=>""1 day 11 hours"", ""value""=>124413}, ""status""=>""OK""}]}], ""status""=>""OK""}",\n
Sukhumi,Paris,"{""destination_addresses""=>[""Paris, France""], ""origin_addresses""=>[""Sokhumi""], ""rows""=>[{""elements""=>[{""distance""=>{""text""=>""4,300 km"", ""value""=>4300294}, ""duration""=>{""text""=>""1 day 22 hours"", ""value""=>165692}, ""status""=>""OK""}]}], ""status""=>""OK""}",\n
Sukhumi,Cayenne,"{""destination_addresses""=>[""Cayenne, French Guiana""], ""origin_addresses""=>[""Sokhumi""], ""rows""=>[{""elements""=>[{""status""=>""ZERO_RESULTS""}]}], ""status""=>""OK""}",\n
Sukhumi,Papeete,"{""destination_addresses""=>[""Pape'ete, French Polynesia""], ""origin_addresses""=>[""Sokhumi""], ""rows""=>[{""elements""=>[{""status""=>""ZERO_RESULTS""}]}], ""status""=>""OK""}",\n
Sukhumi,Libreville,"{""destination_addresses""=>[""Libreville, Gabon""], ""origin_addresses""=>[""Sokhumi""], ""rows""=>[{""elements""=>[{""distance""=>{""text""=>""9,696 km"", ""value""=>9696482}, ""duration""=>{""text""=>""5 days 21 hours"", ""value""=>508817}, ""status""=>""OK""}]}], ""status""=>""OK""}",\n
Sukhumi,Banjul,"{""destination_addresses""=>[""Banjul, The Gambia""], ""origin_addresses""=>[""Sokhumi""], ""rows""=>[{""elements""=>[{""distance""=>{""text""=>""8,942 km"", ""value""=>8942493}, ""duration""=>{""text""=>""4 days 7 hours"", ""value""=>371494}, ""status""=>""OK""}]}], ""status""=>""OK""}",\n
Sukhumi,Tbilisi,"{""destination_addresses""=>[""Tbilisi, Georgia""], ""origin_addresses""=>[""Sokhumi""], ""rows""=>[{""elements""=>[{""distance""=>{""text""=>""431 km"", ""value""=>430512}, ""duration""=>{""text""=>""6 hours 21 mins"", ""value""=>22840}, ""status""=>""OK""}]}], ""status""=>""OK""}",\n
Sukhumi,Berlin,"{""destination_addresses""=>[""Berlin, Germany""], ""origin_addresses""=>[""Sokhumi""], ""rows""=>[{""elements""=>[{""distance""=>{""text""=>""2,786 km"", ""value""=>2786078}, ""duration""=>{""text""=>""1 day 14 hours"", ""value""=>135706}, ""status""=>""OK""}]}], ""status""=>""OK""}",\n
Sukhumi,Accra,"{""destination_addresses""=>[""Accra, Ghana""], ""origin_addresses""=>[""Sokhumi""], ""rows""=>[{""elements""=>[{""distance""=>{""text""=>""8,828 km"", ""value""=>8827929}, ""duration""=>{""text""=>""5 days 7 hours"", ""value""=>456542}, ""status""=>""OK""}]}], ""status""=>""OK""}",\n
Sukhumi,Gibraltar,"{""destination_addresses""=>[""Gibraltar""], ""origin_addresses""=>[""Sokhumi""], ""rows""=>[{""elements""=>[{""distance""=>{""text""=>""5,519 km"", ""value""=>5519421}, ""duration""=>{""text""=>""2 days 10 hours"", ""value""=>207682}, ""status""=>""OK""}]}], ""status""=>""OK""}",\n
Sukhumi,Athens,"{""destination_addresses""=>[""Athens, Greece""], ""origin_addresses""=>[""Sokhumi""], ""rows""=>[{""elements""=>[{""distance""=>{""text""=>""2,586 km"", ""value""=>2585559}, ""duration""=>{""text""=>""1 day 6 hours"", ""value""=>106912}, ""status""=>""OK""}]}], ""status""=>""OK""}",\n
Sukhumi,Nuuk,"{""destination_addresses""=>[""Nuuk, Greenland""], ""origin_addresses""=>[""Sokhumi""], ""rows""=>[{""elements""=>[{""status""=>""ZERO_RESULTS""}]}], ""status""=>""OK""}",\n
Sukhumi,St. George's,"{""destination_addresses""=>[""372 Purgatory Rd, Middletown, RI 02842, USA""], ""origin_addresses""=>[""Sokhumi""], ""rows""=>[{""elements""=>[{""status""=>""ZERO_RESULTS""}]}], ""status""=>""OK""}",\n
Sukhumi,Hagåtña,"{""destination_addresses""=>[""""], ""origin_addresses""=>[""Sokhumi""], ""rows""=>[{""elements""=>[{""status""=>""NOT_FOUND""}]}], ""status""=>""OK""}",\n
Sukhumi,Guatemala City,"{""destination_addresses""=>[""Guatemala City, Guatemala""], ""origin_addresses""=>[""Sokhumi""], ""rows""=>[{""elements""=>[{""status""=>""ZERO_RESULTS""}]}], ""status""=>""OK""}",\n
Sukhumi,St. Peter Port,"{""destination_addresses""=>[""Saint Peter Port, Guernsey""], ""origin_addresses""=>[""Sokhumi""], ""rows""=>[{""elements""=>[{""distance""=>{""text""=>""4,125 km"", ""value""=>4125215}, ""duration""=>{""text""=>""2 days 4 hours"", ""value""=>186216}, ""status""=>""OK""}]}], ""status""=>""OK""}",\n
Sukhumi,Conakry,"{""destination_addresses""=>[""Conakry, Guinea""], ""origin_addresses""=>[""Sokhumi""], ""rows""=>[{""elements""=>[{""distance""=>{""text""=>""9,705 km"", ""value""=>9704782}, ""duration""=>{""text""=>""4 days 18 hours"", ""value""=>410188}, ""status""=>""OK""}]}], ""status""=>""OK""}",\n
Sukhumi,Bissau,"{""destination_addresses""=>[""Bissau, Guinea-Bissau""], ""origin_addresses""=>[""Sokhumi""], ""rows""=>[{""elements""=>[{""distance""=>{""text""=>""9,431 km"", ""value""=>9430864}, ""duration""=>{""text""=>""4 days 14 hours"", ""value""=>397025}, ""status""=>""OK""}]}], ""status""=>""OK""}",\n
Sukhumi,Georgetown,"{""destination_addresses""=>[""3700 O St NW, Washington, DC 20057, USA""], ""origin_addresses""=>[""Sokhumi""], ""rows""=>[{""elements""=>[{""status""=>""ZERO_RESULTS""}]}], ""status""=>""OK""}",\n
Sukhumi,Port-au-Prince,"{""destination_addresses""=>[""Port-au-Prince, Haiti""], ""origin_addresses""=>[""Sokhumi""], ""rows""=>[{""elements""=>[{""status""=>""ZERO_RESULTS""}]}], ""status""=>""OK""}",\n
Sukhumi,Tegucigalpa,"{""destination_addresses""=>[""Tegucigalpa, Honduras""], ""origin_addresses""=>[""Sokhumi""], ""rows""=>[{""elements""=>[{""status""=>""ZERO_RESULTS""}]}], ""status""=>""OK""}",\n
Sukhumi,Budapest,"{""destination_addresses""=>[""Budapest, Hungary""], ""origin_addresses""=>[""Sokhumi""], ""rows""=>[{""elements""=>[{""distance""=>{""text""=>""2,823 km"", ""value""=>2822865}, ""duration""=>{""text""=>""1 day 8 hours"", ""value""=>115389}, ""status""=>""OK""}]}], ""status""=>""OK""}",\n
Sukhumi,Reykjavík,"{""destination_addresses""=>[""Reykjavík, Iceland""], ""origin_addresses""=>[""Sokhumi""], ""rows""=>[{""elements""=>[{""distance""=>{""text""=>""5,806 km"", ""value""=>5806225}, ""duration""=>{""text""=>""4 days 21 hours"", ""value""=>421907}, ""status""=>""OK""}]}], ""status""=>""OK""}",\n
Sukhumi,New Delhi,"{""destination_addresses""=>[""New Delhi, Delhi, India""], ""origin_addresses""=>[""Sokhumi""], ""rows""=>[{""elements""=>[{""status""=>""ZERO_RESULTS""}]}], ""status""=>""OK""}",\n
Sukhumi,Jakarta,"{""destination_addresses""=>[""Jakarta, Indonesia""], ""origin_addresses""=>[""Sokhumi""], ""rows""=>[{""elements""=>[{""status""=>""ZERO_RESULTS""}]}], ""status""=>""OK""}",\n
Sukhumi,Tehran,"{""destination_addresses""=>[""Tehran, Tehran Province, Iran""], ""origin_addresses""=>[""Sokhumi""], ""rows""=>[{""elements""=>[{""distance""=>{""text""=>""1,581 km"", ""value""=>1581445}, ""duration""=>{""text""=>""20 hours 47 mins"", ""value""=>74825}, ""status""=>""OK""}]}], ""status""=>""OK""}",\n
Sukhumi,Baghdad,"{""destination_addresses""=>[""Baghdad, Iraq""], ""origin_addresses""=>[""Sokhumi""], ""rows""=>[{""elements""=>[{""distance""=>{""text""=>""1,583 km"", ""value""=>1583230}, ""duration""=>{""text""=>""23 hours 3 mins"", ""value""=>82956}, ""status""=>""OK""}]}], ""status""=>""OK""}",\n
Sukhumi,Dublin,"{""destination_addresses""=>[""Dublin, Ireland""], ""origin_addresses""=>[""Sokhumi""], ""rows""=>[{""elements""=>[{""distance""=>{""text""=>""4,416 km"", ""value""=>4416089}, ""duration""=>{""text""=>""2 days 8 hours"", ""value""=>201470}, ""status""=>""OK""}]}], ""status""=>""OK""}",\n
Sukhumi,Douglas,"{""destination_addresses""=>[""Independence, KS 67301, USA""], ""origin_addresses""=>[""Sokhumi""], ""rows""=>[{""elements""=>[{""status""=>""ZERO_RESULTS""}]}], ""status""=>""OK""}",\n
Sukhumi,Jerusalem,"{""destination_addresses""=>[""Jerusalem, Israel""], ""origin_addresses""=>[""Sokhumi""], ""rows""=>[{""elements""=>[{""distance""=>{""text""=>""1,946 km"", ""value""=>1946313}, ""duration""=>{""text""=>""1 day 3 hours"", ""value""=>97091}, ""status""=>""OK""}]}], ""status""=>""OK""}",\n
Sukhumi,Rome,"{""destination_addresses""=>[""Rome, Metropolitan City of Rome, Italy""], ""origin_addresses""=>[""Sokhumi""], ""rows""=>[{""elements""=>[{""distance""=>{""text""=>""3,241 km"", ""value""=>3241132}, ""duration""=>{""text""=>""1 day 18 hours"", ""value""=>152975}, ""status""=>""OK""}]}], ""status""=>""OK""}",\n
Sukhumi,Kingston,"{""destination_addresses""=>[""Kingston, ON, Canada""], ""origin_addresses""=>[""Sokhumi""], ""rows""=>[{""elements""=>[{""status""=>""ZERO_RESULTS""}]}], ""status""=>""OK""}",\n
Sukhumi,Tokyo,"{""destination_addresses""=>[""Tokyo, Japan""], ""origin_addresses""=>[""Sokhumi""], ""rows""=>[{""elements""=>[{""status""=>""ZERO_RESULTS""}]}], ""status""=>""OK""}",\n
Sukhumi,St. Helier,"{""destination_addresses""=>[""St Helier, Jersey""], ""origin_addresses""=>[""Sokhumi""], ""rows""=>[{""elements""=>[{""distance""=>{""text""=>""4,104 km"", ""value""=>4103552}, ""duration""=>{""text""=>""2 days 4 hours"", ""value""=>185683}, ""status""=>""OK""}]}], ""status""=>""OK""}",\n
Sukhumi,Amman,"{""destination_addresses""=>[""Amman, Jordan""], ""origin_addresses""=>[""Sokhumi""], ""rows""=>[{""elements""=>[{""distance""=>{""text""=>""1,789 km"", ""value""=>1788726}, ""duration""=>{""text""=>""1 day 1 hour"", ""value""=>89019}, ""status""=>""OK""}]}], ""status""=>""OK""}",\n
Sukhumi,Astana,"{""destination_addresses""=>[""Astana 020000, Kazakhstan""], ""origin_addresses""=>[""Sokhumi""], ""rows""=>[{""elements""=>[{""distance""=>{""text""=>""3,791 km"", ""value""=>3790905}, ""duration""=>{""text""=>""2 days 2 hours"", ""value""=>180078}, ""status""=>""OK""}]}], ""status""=>""OK""}",\n
Sukhumi,Nairobi,"{""destination_addresses""=>[""Nairobi, Kenya""], ""origin_addresses""=>[""Sokhumi""], ""rows""=>[{""elements""=>[{""distance""=>{""text""=>""7,261 km"", ""value""=>7261260}, ""duration""=>{""text""=>""5 days 10 hours"", ""value""=>467062}, ""status""=>""OK""}]}], ""status""=>""OK""}",\n
Sukhumi,Tarawa,"{""destination_addresses""=>[""Tarawa, Kiribati""], ""origin_addresses""=>[""Sokhumi""], ""rows""=>[{""elements""=>[{""status""=>""ZERO_RESULTS""}]}], ""status""=>""OK""}",\n
Sukhumi,Pristina,"{""destination_addresses""=>[""Prishtina""], ""origin_addresses""=>[""Sokhumi""], ""rows""=>[{""elements""=>[{""distance""=>{""text""=>""2,394 km"", ""value""=>2393510}, ""duration""=>{""text""=>""1 day 5 hours"", ""value""=>102614}, ""status""=>""OK""}]}], ""status""=>""OK""}",\n
Sukhumi,Kuwait City,"{""destination_addresses""=>[""Kuwait City, Kuwait""], ""origin_addresses""=>[""Sokhumi""], ""rows""=>[{""elements""=>[{""distance""=>{""text""=>""2,282 km"", ""value""=>2282049}, ""duration""=>{""text""=>""1 day 5 hours"", ""value""=>105614}, ""status""=>""OK""}]}], ""status""=>""OK""}",\n
Sukhumi,Bishkek,"{""destination_addresses""=>[""Bishkek, Kyrgyzstan""], ""origin_addresses""=>[""Sokhumi""], ""rows""=>[{""elements""=>[{""distance""=>{""text""=>""4,460 km"", ""value""=>4460487}, ""duration""=>{""text""=>""2 days 11 hours"", ""value""=>210943}, ""status""=>""OK""}]}], ""status""=>""OK""}",\n
Sukhumi,Vientiane,"{""destination_addresses""=>[""Vientiane, Laos""], ""origin_addresses""=>[""Sokhumi""], ""rows""=>[{""elements""=>[{""status""=>""ZERO_RESULTS""}]}], ""status""=>""OK""}",\n
Sukhumi,Riga,"{""destination_addresses""=>[""Riga, Latvia""], ""origin_addresses""=>[""Sokhumi""], ""rows""=>[{""elements""=>[{""distance""=>{""text""=>""2,677 km"", ""value""=>2676567}, ""duration""=>{""text""=>""1 day 9 hours"", ""value""=>117801}, ""status""=>""OK""}]}], ""status""=>""OK""}",\n
Sukhumi,Beirut,"{""destination_addresses""=>[""Beirut, Lebanon""], ""origin_addresses""=>[""Sokhumi""], ""rows""=>[{""elements""=>[{""distance""=>{""text""=>""1,602 km"", ""value""=>1602339}, ""duration""=>{""text""=>""22 hours 57 mins"", ""value""=>82628}, ""status""=>""OK""}]}], ""status""=>""OK""}",\n
Sukhumi,Maseru,"{""destination_addresses""=>[""Maseru, Lesotho""], ""origin_addresses""=>[""Sokhumi""], ""rows""=>[{""elements""=>[{""distance""=>{""text""=>""11,198 km"", ""value""=>11197518}, ""duration""=>{""text""=>""7 days 12 hours"", ""value""=>647546}, ""status""=>""OK""}]}], ""status""=>""OK""}",\n
Sukhumi,Monrovia,"{""destination_addresses""=>[""Monrovia, CA, USA""], ""origin_addresses""=>[""Sokhumi""], ""rows""=>[{""elements""=>[{""status""=>""ZERO_RESULTS""}]}], ""status""=>""OK""}",\n
Sukhumi,Tripoli,"{""destination_addresses""=>[""Tripoli, Libya""], ""origin_addresses""=>[""Sokhumi""], ""rows""=>[{""elements""=>[{""distance""=>{""text""=>""4,710 km"", ""value""=>4709584}, ""duration""=>{""text""=>""2 days 11 hours"", ""value""=>212753}, ""status""=>""OK""}]}], ""status""=>""OK""}",\n
Sukhumi,Vaduz,"{""destination_addresses""=>[""9490 Vaduz, Liechtenstein""], ""origin_addresses""=>[""Sokhumi""], ""rows""=>[{""elements""=>[{""distance""=>{""text""=>""3,621 km"", ""value""=>3620658}, ""duration""=>{""text""=>""1 day 16 hours"", ""value""=>143416}, ""status""=>""OK""}]}], ""status""=>""OK""}",\n
Sukhumi,Vilnius,"{""destination_addresses""=>[""Vilnius, Lithuania""], ""origin_addresses""=>[""Sokhumi""], ""rows""=>[{""elements""=>[{""distance""=>{""text""=>""2,712 km"", ""value""=>2712068}, ""duration""=>{""text""=>""1 day 9 hours"", ""value""=>119810}, ""status""=>""OK""}]}], ""status""=>""OK""}",\n
Sukhumi,Luxembourg,"{""destination_addresses""=>[""Luxembourg""], ""origin_addresses""=>[""Sokhumi""], ""rows""=>[{""elements""=>[{""distance""=>{""text""=>""3,388 km"", ""value""=>3387506}, ""duration""=>{""text""=>""1 day 19 hours"", ""value""=>156432}, ""status""=>""OK""}]}], ""status""=>""OK""}",\n
Sukhumi,Skopje,"{""destination_addresses""=>[""Skopje, Macedonia (FYROM)""], ""origin_addresses""=>[""Sokhumi""], ""rows""=>[{""elements""=>[{""distance""=>{""text""=>""2,304 km"", ""value""=>2304312}, ""duration""=>{""text""=>""1 day 3 hours"", ""value""=>97628}, ""status""=>""OK""}]}], ""status""=>""OK""}",\n
Sukhumi,Antananarivo,"{""destination_addresses""=>[""Antananarivo, Madagascar""], ""origin_addresses""=>[""Sokhumi""], ""rows""=>[{""elements""=>[{""status""=>""ZERO_RESULTS""}]}], ""status""=>""OK""}",\n
Sukhumi,Lilongwe,"{""destination_addresses""=>[""Lilongwe, Malawi""], ""origin_addresses""=>[""Sokhumi""], ""rows""=>[{""elements""=>[{""distance""=>{""text""=>""8,981 km"", ""value""=>8981235}, ""duration""=>{""text""=>""6 days 11 hours"", ""value""=>558074}, ""status""=>""OK""}]}], ""status""=>""OK""}",\n
Sukhumi,Kuala Lumpur,"{""destination_addresses""=>[""Kuala Lumpur, Federal Territory of Kuala Lumpur, Malaysia""], ""origin_addresses""=>[""Sokhumi""], ""rows""=>[{""elements""=>[{""status""=>""ZERO_RESULTS""}]}], ""status""=>""OK""}",\n
Sukhumi,Malé,"{""destination_addresses""=>[""4739 E 91st St Ste 100, Tulsa, OK 74137, USA""], ""origin_addresses""=>[""Sokhumi""], ""rows""=>[{""elements""=>[{""status""=>""ZERO_RESULTS""}]}], ""status""=>""OK""}",\n
Sukhumi,Bamako,"{""destination_addresses""=>[""Bamako, Mali""], ""origin_addresses""=>[""Sokhumi""], ""rows""=>[{""elements""=>[{""distance""=>{""text""=>""9,744 km"", ""value""=>9743618}, ""duration""=>{""text""=>""4 days 17 hours"", ""value""=>407829}, ""status""=>""OK""}]}], ""status""=>""OK""}",\n
Sukhumi,Valletta,"{""destination_addresses""=>[""Valletta, Malta""], ""origin_addresses""=>[""Sokhumi""], ""rows""=>[{""elements""=>[{""distance""=>{""text""=>""3,470 km"", ""value""=>3470134}, ""duration""=>{""text""=>""2 days 0 hours"", ""value""=>173524}, ""status""=>""OK""}]}], ""status""=>""OK""}",\n
Sukhumi,Majuro,"{""destination_addresses""=>[""Majuro, Majuro Atoll, RMI""], ""origin_addresses""=>[""Sokhumi""], ""rows""=>[{""elements""=>[{""status""=>""ZERO_RESULTS""}]}], ""status""=>""OK""}",\n
Sukhumi,Nouakchott,"{""destination_addresses""=>[""Nouakchott, Mauritania""], ""origin_addresses""=>[""Sokhumi""], ""rows""=>[{""elements""=>[{""distance""=>{""text""=>""8,268 km"", ""value""=>8267643}, ""duration""=>{""text""=>""3 days 20 hours"", ""value""=>329486}, ""status""=>""OK""}]}], ""status""=>""OK""}",\n
Sukhumi,Port Louis,"{""destination_addresses""=>[""Port Louis, Mauritius""], ""origin_addresses""=>[""Sokhumi""], ""rows""=>[{""elements""=>[{""status""=>""ZERO_RESULTS""}]}], ""status""=>""OK""}",\n
Sukhumi,Mexico City,"{""destination_addresses""=>[""Mexico City, CDMX, Mexico""], ""origin_addresses""=>[""Sokhumi""], ""rows""=>[{""elements""=>[{""status""=>""ZERO_RESULTS""}]}], ""status""=>""OK""}",\n
Sukhumi,Chisinau,"{""destination_addresses""=>[""Chisinau, Moldova""], ""origin_addresses""=>[""Sokhumi""], ""rows""=>[{""elements""=>[{""distance""=>{""text""=>""1,370 km"", ""value""=>1369740}, ""duration""=>{""text""=>""21 hours 40 mins"", ""value""=>78029}, ""status""=>""OK""}]}], ""status""=>""OK""}",\n
Sukhumi,Monaco,"{""destination_addresses""=>[""Monaco""], ""origin_addresses""=>[""Sokhumi""], ""rows""=>[{""elements""=>[{""distance""=>{""text""=>""3,755 km"", ""value""=>3755216}, ""duration""=>{""text""=>""1 day 17 hours"", ""value""=>148251}, ""status""=>""OK""}]}], ""status""=>""OK""}",\n
Sukhumi,Ulaanbaatar,"{""destination_addresses""=>[""Ulaanbaatar, Mongolia""], ""origin_addresses""=>[""Sokhumi""], ""rows""=>[{""elements""=>[{""distance""=>{""text""=>""6,989 km"", ""value""=>6988547}, ""duration""=>{""text""=>""3 days 21 hours"", ""value""=>336491}, ""status""=>""OK""}]}], ""status""=>""OK""}",\n
Sukhumi,Podgorica,"{""destination_addresses""=>[""Podgorica, Montenegro""], ""origin_addresses""=>[""Sokhumi""], ""rows""=>[{""elements""=>[{""distance""=>{""text""=>""2,649 km"", ""value""=>2649266}, ""duration""=>{""text""=>""1 day 9 hours"", ""value""=>117184}, ""status""=>""OK""}]}], ""status""=>""OK""}",\n
Sukhumi,Plymouth,"{""destination_addresses""=>[""Plymouth, MA, USA""], ""origin_addresses""=>[""Sokhumi""], ""rows""=>[{""elements""=>[{""status""=>""ZERO_RESULTS""}]}], ""status""=>""OK""}",\n
Sukhumi,Rabat,"{""destination_addresses""=>[""Rabat, Morocco""], ""origin_addresses""=>[""Sokhumi""], ""rows""=>[{""elements""=>[{""distance""=>{""text""=>""5,832 km"", ""value""=>5832333}, ""duration""=>{""text""=>""2 days 14 hours"", ""value""=>223459}, ""status""=>""OK""}]}], ""status""=>""OK""}",\n
Sukhumi,Maputo,"{""destination_addresses""=>[""Maputo, Mozambique""], ""origin_addresses""=>[""Sokhumi""], ""rows""=>[{""elements""=>[{""distance""=>{""text""=>""10,790 km"", ""value""=>10789905}, ""duration""=>{""text""=>""7 days 11 hours"", ""value""=>644608}, ""status""=>""OK""}]}], ""status""=>""OK""}",\n
Sukhumi,Naypyidaw,"{""destination_addresses""=>[""Naypyitaw, Myanmar (Burma)""], ""origin_addresses""=>[""Sokhumi""], ""rows""=>[{""elements""=>[{""status""=>""ZERO_RESULTS""}]}], ""status""=>""OK""}",\n
Sukhumi,Stepanakert,"{""destination_addresses""=>[""Xankəndi""], ""origin_addresses""=>[""Sokhumi""], ""rows""=>[{""elements""=>[{""distance""=>{""text""=>""801 km"", ""value""=>800872}, ""duration""=>{""text""=>""11 hours 49 mins"", ""value""=>42569}, ""status""=>""OK""}]}], ""status""=>""OK""}",\n
Sukhumi,Windhoek,"{""destination_addresses""=>[""Windhoek, Namibia""], ""origin_addresses""=>[""Sokhumi""], ""rows""=>[{""elements""=>[{""distance""=>{""text""=>""10,989 km"", ""value""=>10989116}, ""duration""=>{""text""=>""7 days 8 hours"", ""value""=>635096}, ""status""=>""OK""}]}], ""status""=>""OK""}",\n
Sukhumi,Yaren,"{""destination_addresses""=>[""Yaren, Nauru""], ""origin_addresses""=>[""Sokhumi""], ""rows""=>[{""elements""=>[{""status""=>""ZERO_RESULTS""}]}], ""status""=>""OK""}",\n
Sukhumi,Kathmandu,"{""destination_addresses""=>[""Kathmandu 44600, Nepal""], ""origin_addresses""=>[""Sokhumi""], ""rows""=>[{""elements""=>[{""status""=>""ZERO_RESULTS""}]}], ""status""=>""OK""}",\n
Sukhumi,Amsterdam,"{""destination_addresses""=>[""Amsterdam, Netherlands""], ""origin_addresses""=>[""Sokhumi""], ""rows""=>[{""elements""=>[{""distance""=>{""text""=>""3,406 km"", ""value""=>3406364}, ""duration""=>{""text""=>""1 day 19 hours"", ""value""=>156238}, ""status""=>""OK""}]}], ""status""=>""OK""}",\n
Sukhumi,Nouméa,"{""destination_addresses""=>[""""], ""origin_addresses""=>[""Sokhumi""], ""rows""=>[{""elements""=>[{""status""=>""NOT_FOUND""}]}], ""status""=>""OK""}",\n
Sukhumi,Wellington,"{""destination_addresses""=>[""Wellington, KS, USA""], ""origin_addresses""=>[""Sokhumi""], ""rows""=>[{""elements""=>[{""status""=>""ZERO_RESULTS""}]}], ""status""=>""OK""}",\n
Sukhumi,Managua,"{""destination_addresses""=>[""Managua, Nicaragua""], ""origin_addresses""=>[""Sokhumi""], ""rows""=>[{""elements""=>[{""status""=>""ZERO_RESULTS""}]}], ""status""=>""OK""}",\n
Sukhumi,Niamey,"{""destination_addresses""=>[""Niamey, Niger""], ""origin_addresses""=>[""Sokhumi""], ""rows""=>[{""elements""=>[{""distance""=>{""text""=>""7,840 km"", ""value""=>7839542}, ""duration""=>{""text""=>""4 days 16 hours"", ""value""=>402375}, ""status""=>""OK""}]}], ""status""=>""OK""}",\n
Sukhumi,Abuja,"{""destination_addresses""=>[""Abuja, Nigeria""], ""origin_addresses""=>[""Sokhumi""], ""rows""=>[{""elements""=>[{""distance""=>{""text""=>""8,001 km"", ""value""=>8000849}, ""duration""=>{""text""=>""4 days 18 hours"", ""value""=>410267}, ""status""=>""OK""}]}], ""status""=>""OK""}",\n
Sukhumi,Alofi,"{""destination_addresses""=>[""Alofi, Niue""], ""origin_addresses""=>[""Sokhumi""], ""rows""=>[{""elements""=>[{""status""=>""ZERO_RESULTS""}]}], ""status""=>""OK""}",\n
Sukhumi,Kingston,"{""destination_addresses""=>[""Kingston, ON, Canada""], ""origin_addresses""=>[""Sokhumi""], ""rows""=>[{""elements""=>[{""status""=>""ZERO_RESULTS""}]}], ""status""=>""OK""}",\n
Sukhumi,Pyongyang,"{""destination_addresses""=>[""Pyongyang, North Korea""], ""origin_addresses""=>[""Sokhumi""], ""rows""=>[{""elements""=>[{""status""=>""ZERO_RESULTS""}]}], ""status""=>""OK""}",\n
Sukhumi,Nicosia,"{""destination_addresses""=>[""Nicosia, Cyprus""], ""origin_addresses""=>[""Sokhumi""], ""rows""=>[{""elements""=>[{""distance""=>{""text""=>""1,567 km"", ""value""=>1567257}, ""duration""=>{""text""=>""1 day 2 hours"", ""value""=>93299}, ""status""=>""OK""}]}], ""status""=>""OK""}",\n
Sukhumi,Belfast,"{""destination_addresses""=>[""Belfast, UK""], ""origin_addresses""=>[""Sokhumi""], ""rows""=>[{""elements""=>[{""distance""=>{""text""=>""4,569 km"", ""value""=>4568748}, ""duration""=>{""text""=>""2 days 10 hours"", ""value""=>208256}, ""status""=>""OK""}]}], ""status""=>""OK""}",\n
Sukhumi,Saipan,"{""destination_addresses""=>[""Saipan, CNMI""], ""origin_addresses""=>[""Sokhumi""], ""rows""=>[{""elements""=>[{""status""=>""ZERO_RESULTS""}]}], ""status""=>""OK""}",\n
Sukhumi,Oslo,"{""destination_addresses""=>[""Oslo, Norway""], ""origin_addresses""=>[""Sokhumi""], ""rows""=>[{""elements""=>[{""distance""=>{""text""=>""3,706 km"", ""value""=>3706138}, ""duration""=>{""text""=>""2 days 2 hours"", ""value""=>178502}, ""status""=>""OK""}]}], ""status""=>""OK""}",\n
Sukhumi,Muscat,"{""destination_addresses""=>[""Muscat, Oman""], ""origin_addresses""=>[""Sokhumi""], ""rows""=>[{""elements""=>[{""distance""=>{""text""=>""3,885 km"", ""value""=>3884983}, ""duration""=>{""text""=>""1 day 20 hours"", ""value""=>158766}, ""status""=>""OK""}]}], ""status""=>""OK""}",\n
Sukhumi,Islamabad,"{""destination_addresses""=>[""Islamabad, Islamabad Capital Territory, Pakistan""], ""origin_addresses""=>[""Sokhumi""], ""rows""=>[{""elements""=>[{""distance""=>{""text""=>""4,084 km"", ""value""=>4084396}, ""duration""=>{""text""=>""2 days 6 hours"", ""value""=>194488}, ""status""=>""OK""}]}], ""status""=>""OK""}",\n
Sukhumi,Ngerulmud,"{""destination_addresses""=>[""Ngerulmud, Melekeok, Palau""], ""origin_addresses""=>[""Sokhumi""], ""rows""=>[{""elements""=>[{""status""=>""ZERO_RESULTS""}]}], ""status""=>""OK""}",\n
Sukhumi,Jerusalem,"{""destination_addresses""=>[""Jerusalem, Israel""], ""origin_addresses""=>[""Sokhumi""], ""rows""=>[{""elements""=>[{""distance""=>{""text""=>""1,946 km"", ""value""=>1946313}, ""duration""=>{""text""=>""1 day 3 hours"", ""value""=>97091}, ""status""=>""OK""}]}], ""status""=>""OK""}",\n
Sukhumi,Panama City,"{""destination_addresses""=>[""Panama City, FL, USA""], ""origin_addresses""=>[""Sokhumi""], ""rows""=>[{""elements""=>[{""status""=>""ZERO_RESULTS""}]}], ""status""=>""OK""}",\n
Sukhumi,Port Moresby,"{""destination_addresses""=>[""Port Moresby, Papua New Guinea""], ""origin_addresses""=>[""Sokhumi""], ""rows""=>[{""elements""=>[{""status""=>""ZERO_RESULTS""}]}], ""status""=>""OK""}",\n
Sukhumi,Asunción,"{""destination_addresses""=>[""Asuncion, Paraguay""], ""origin_addresses""=>[""Sokhumi""], ""rows""=>[{""elements""=>[{""status""=>""ZERO_RESULTS""}]}], ""status""=>""OK""}",\n
Sukhumi,Lima,"{""destination_addresses""=>[""Lima, Peru""], ""origin_addresses""=>[""Sokhumi""], ""rows""=>[{""elements""=>[{""status""=>""ZERO_RESULTS""}]}], ""status""=>""OK""}",\n
Sukhumi,Manila,"{""destination_addresses""=>[""Manila, Metro Manila, Philippines""], ""origin_addresses""=>[""Sokhumi""], ""rows""=>[{""elements""=>[{""status""=>""ZERO_RESULTS""}]}], ""status""=>""OK""}",\n
Sukhumi,Adamstown,"{""destination_addresses""=>[""Adamstown PCRN 1ZZ, Pitcairn Islands""], ""origin_addresses""=>[""Sokhumi""], ""rows""=>[{""elements""=>[{""status""=>""ZERO_RESULTS""}]}], ""status""=>""OK""}",\n
Sukhumi,Warsaw,"{""destination_addresses""=>[""Warsaw, Poland""], ""origin_addresses""=>[""Sokhumi""], ""rows""=>[{""elements""=>[{""distance""=>{""text""=>""2,303 km"", ""value""=>2303095}, ""duration""=>{""text""=>""1 day 9 hours"", ""value""=>117645}, ""status""=>""OK""}]}], ""status""=>""OK""}",\n
Sukhumi,Lisbon,"{""destination_addresses""=>[""Lisbon, Portugal""], ""origin_addresses""=>[""Sokhumi""], ""rows""=>[{""elements""=>[{""distance""=>{""text""=>""5,584 km"", ""value""=>5584384}, ""duration""=>{""text""=>""2 days 10 hours"", ""value""=>208434}, ""status""=>""OK""}]}], ""status""=>""OK""}",\n
Sukhumi,San Juan,"{""destination_addresses""=>[""San Juan, Puerto Rico""], ""origin_addresses""=>[""Sokhumi""], ""rows""=>[{""elements""=>[{""status""=>""ZERO_RESULTS""}]}], ""status""=>""OK""}",\n
Sukhumi,Doha,"{""destination_addresses""=>[""Doha, Qatar""], ""origin_addresses""=>[""Sokhumi""], ""rows""=>[{""elements""=>[{""distance""=>{""text""=>""3,070 km"", ""value""=>3069910}, ""duration""=>{""text""=>""1 day 13 hours"", ""value""=>134496}, ""status""=>""OK""}]}], ""status""=>""OK""}",\n
Sukhumi,Taipei,"{""destination_addresses""=>[""Taipei, Taiwan""], ""origin_addresses""=>[""Sokhumi""], ""rows""=>[{""elements""=>[{""status""=>""ZERO_RESULTS""}]}], ""status""=>""OK""}",\n
Sukhumi,Brazzaville,"{""destination_addresses""=>[""Brazzaville, Republic of the Congo""], ""origin_addresses""=>[""Sokhumi""], ""rows""=>[{""elements""=>[{""distance""=>{""text""=>""9,299 km"", ""value""=>9298739}, ""duration""=>{""text""=>""6 days 18 hours"", ""value""=>583014}, ""status""=>""OK""}]}], ""status""=>""OK""}",\n
Sukhumi,Bucharest,"{""destination_addresses""=>[""Bucharest, Romania""], ""origin_addresses""=>[""Sokhumi""], ""rows""=>[{""elements""=>[{""distance""=>{""text""=>""2,132 km"", ""value""=>2131660}, ""duration""=>{""text""=>""1 day 3 hours"", ""value""=>95959}, ""status""=>""OK""}]}], ""status""=>""OK""}",\n
Sukhumi,Moscow,"{""destination_addresses""=>[""Moscow, Russia""], ""origin_addresses""=>[""Sokhumi""], ""rows""=>[{""elements""=>[{""distance""=>{""text""=>""1,764 km"", ""value""=>1764283}, ""duration""=>{""text""=>""22 hours 23 mins"", ""value""=>80590}, ""status""=>""OK""}]}], ""status""=>""OK""}",\n
Sukhumi,Kigali,"{""destination_addresses""=>[""Kigali, Rwanda""], ""origin_addresses""=>[""Sokhumi""], ""rows""=>[{""elements""=>[{""distance""=>{""text""=>""7,329 km"", ""value""=>7328584}, ""duration""=>{""text""=>""5 days 9 hours"", ""value""=>465296}, ""status""=>""OK""}]}], ""status""=>""OK""}",\n
Sukhumi,Gustavia,"{""destination_addresses""=>[""Gustavia, St Barthélemy""], ""origin_addresses""=>[""Sokhumi""], ""rows""=>[{""elements""=>[{""status""=>""ZERO_RESULTS""}]}], ""status""=>""OK""}",\n
Sukhumi,Jamestown,"{""destination_addresses""=>[""Jamestown, VA 23185, USA""], ""origin_addresses""=>[""Sokhumi""], ""rows""=>[{""elements""=>[{""status""=>""ZERO_RESULTS""}]}], ""status""=>""OK""}",\n
Sukhumi,Basseterre,"{""destination_addresses""=>[""Basseterre, St Kitts & Nevis""], ""origin_addresses""=>[""Sokhumi""], ""rows""=>[{""elements""=>[{""status""=>""ZERO_RESULTS""}]}], ""status""=>""OK""}",\n
Sukhumi,Castries,"{""destination_addresses""=>[""Castries, St Lucia""], ""origin_addresses""=>[""Sokhumi""], ""rows""=>[{""elements""=>[{""status""=>""ZERO_RESULTS""}]}], ""status""=>""OK""}",\n
Sukhumi,Marigot,"{""destination_addresses""=>[""Marigot, St Martin""], ""origin_addresses""=>[""Sokhumi""], ""rows""=>[{""elements""=>[{""status""=>""ZERO_RESULTS""}]}], ""status""=>""OK""}",\n
Sukhumi,St. Pierre,"{""destination_addresses""=>[""Saint-Pierre, St Pierre and Miquelon""], ""origin_addresses""=>[""Sokhumi""], ""rows""=>[{""elements""=>[{""status""=>""ZERO_RESULTS""}]}], ""status""=>""OK""}",\n
Sukhumi,Kingstown,"{""destination_addresses""=>[""Kingstown, St Vincent and the Grenadines""], ""origin_addresses""=>[""Sokhumi""], ""rows""=>[{""elements""=>[{""status""=>""ZERO_RESULTS""}]}], ""status""=>""OK""}",\n
Sukhumi,Apia,"{""destination_addresses""=>[""Apia, Samoa""], ""origin_addresses""=>[""Sokhumi""], ""rows""=>[{""elements""=>[{""status""=>""ZERO_RESULTS""}]}], ""status""=>""OK""}",\n
Sukhumi,San Marino,"{""destination_addresses""=>[""San Marino""], ""origin_addresses""=>[""Sokhumi""], ""rows""=>[{""elements""=>[{""distance""=>{""text""=>""3,475 km"", ""value""=>3474600}, ""duration""=>{""text""=>""1 day 14 hours"", ""value""=>137752}, ""status""=>""OK""}]}], ""status""=>""OK""}",\n
Sukhumi,Riyadh,"{""destination_addresses""=>[""Riyadh Saudi Arabia""], ""origin_addresses""=>[""Sokhumi""], ""rows""=>[{""elements""=>[{""distance""=>{""text""=>""2,941 km"", ""value""=>2940819}, ""duration""=>{""text""=>""1 day 12 hours"", ""value""=>130580}, ""status""=>""OK""}]}], ""status""=>""OK""}",\n
Sukhumi,Edinburgh,"{""destination_addresses""=>[""Edinburgh, UK""], ""origin_addresses""=>[""Sokhumi""], ""rows""=>[{""elements""=>[{""distance""=>{""text""=>""4,447 km"", ""value""=>4447199}, ""duration""=>{""text""=>""2 days 7 hours"", ""value""=>197464}, ""status""=>""OK""}]}], ""status""=>""OK""}",\n
Sukhumi,Dakar,"{""destination_addresses""=>[""Dakar, Senegal""], ""origin_addresses""=>[""Sokhumi""], ""rows""=>[{""elements""=>[{""distance""=>{""text""=>""8,830 km"", ""value""=>8830119}, ""duration""=>{""text""=>""4 days 4 hours"", ""value""=>361311}, ""status""=>""OK""}]}], ""status""=>""OK""}",\n
Sukhumi,Belgrade,"{""destination_addresses""=>[""Belgrade, Serbia""], ""origin_addresses""=>[""Sokhumi""], ""rows""=>[{""elements""=>[{""distance""=>{""text""=>""2,448 km"", ""value""=>2448263}, ""duration""=>{""text""=>""1 day 4 hours"", ""value""=>102518}, ""status""=>""OK""}]}], ""status""=>""OK""}",\n
Sukhumi,Victoria,"{""destination_addresses""=>[""Independence, KS 67301, USA""], ""origin_addresses""=>[""Sokhumi""], ""rows""=>[{""elements""=>[{""status""=>""ZERO_RESULTS""}]}], ""status""=>""OK""}",\n
Sukhumi,Freetown,"{""destination_addresses""=>[""Freetown, Sierra Leone""], ""origin_addresses""=>[""Sokhumi""], ""rows""=>[{""elements""=>[{""distance""=>{""text""=>""9,852 km"", ""value""=>9851599}, ""duration""=>{""text""=>""4 days 21 hours"", ""value""=>420911}, ""status""=>""OK""}]}], ""status""=>""OK""}",\n
Sukhumi,Singapore,"{""destination_addresses""=>[""Singapore""], ""origin_addresses""=>[""Sokhumi""], ""rows""=>[{""elements""=>[{""status""=>""ZERO_RESULTS""}]}], ""status""=>""OK""}",\n
Sukhumi,Philipsburg,"{""destination_addresses""=>[""Philipsburg, Sint Maarten""], ""origin_addresses""=>[""Sokhumi""], ""rows""=>[{""elements""=>[{""status""=>""ZERO_RESULTS""}]}], ""status""=>""OK""}",\n
Sukhumi,Bratislava,"{""destination_addresses""=>[""Bratislava, Slovakia""], ""origin_addresses""=>[""Sokhumi""], ""rows""=>[{""elements""=>[{""distance""=>{""text""=>""3,016 km"", ""value""=>3016260}, ""duration""=>{""text""=>""1 day 10 hours"", ""value""=>121768}, ""status""=>""OK""}]}], ""status""=>""OK""}",\n
Sukhumi,Ljubljana,"{""destination_addresses""=>[""Ljubljana, Slovenia""], ""origin_addresses""=>[""Sokhumi""], ""rows""=>[{""elements""=>[{""distance""=>{""text""=>""2,975 km"", ""value""=>2975086}, ""duration""=>{""text""=>""1 day 9 hours"", ""value""=>120408}, ""status""=>""OK""}]}], ""status""=>""OK""}",\n
Sukhumi,Honiara,"{""destination_addresses""=>[""Honiara, Solomon Islands""], ""origin_addresses""=>[""Sokhumi""], ""rows""=>[{""elements""=>[{""status""=>""ZERO_RESULTS""}]}], ""status""=>""OK""}",\n
Sukhumi,Mogadishu,"{""destination_addresses""=>[""Mogadishu, Somalia""], ""origin_addresses""=>[""Sokhumi""], ""rows""=>[{""elements""=>[{""distance""=>{""text""=>""7,120 km"", ""value""=>7119782}, ""duration""=>{""text""=>""5 days 13 hours"", ""value""=>480124}, ""status""=>""OK""}]}], ""status""=>""OK""}",\n
Sukhumi,Hargeisa,"{""destination_addresses""=>[""Hargeisa, Somalia""], ""origin_addresses""=>[""Sokhumi""], ""rows""=>[{""elements""=>[{""distance""=>{""text""=>""6,484 km"", ""value""=>6483836}, ""duration""=>{""text""=>""4 days 21 hours"", ""value""=>422670}, ""status""=>""OK""}]}], ""status""=>""OK""}",\n
Sukhumi,Pretoria,"{""destination_addresses""=>[""Pretoria, South Africa""], ""origin_addresses""=>[""Sokhumi""], ""rows""=>[{""elements""=>[{""distance""=>{""text""=>""10,724 km"", ""value""=>10724095}, ""duration""=>{""text""=>""7 days 7 hours"", ""value""=>630574}, ""status""=>""OK""}]}], ""status""=>""OK""}",\n
Sukhumi,Grytviken,"{""destination_addresses""=>[""Grytviken SIQQ 1ZZ, South Georgia and the South Sandwich Islands""], ""origin_addresses""=>[""Sokhumi""], ""rows""=>[{""elements""=>[{""status""=>""ZERO_RESULTS""}]}], ""status""=>""OK""}",\n
Sukhumi,Seoul,"{""destination_addresses""=>[""Seoul, South Korea""], ""origin_addresses""=>[""Sokhumi""], ""rows""=>[{""elements""=>[{""status""=>""ZERO_RESULTS""}]}], ""status""=>""OK""}",\n
Sukhumi,Tskhinvali,"{""destination_addresses""=>[""Tskhinvali""], ""origin_addresses""=>[""Sokhumi""], ""rows""=>[{""elements""=>[{""distance""=>{""text""=>""360 km"", ""value""=>360315}, ""duration""=>{""text""=>""5 hours 39 mins"", ""value""=>20364}, ""status""=>""OK""}]}], ""status""=>""OK""}",\n
Sukhumi,Juba,"{""destination_addresses""=>[""Juba, South Sudan""], ""origin_addresses""=>[""Sokhumi""], ""rows""=>[{""elements""=>[{""distance""=>{""text""=>""6,190 km"", ""value""=>6190334}, ""duration""=>{""text""=>""4 days 16 hours"", ""value""=>402617}, ""status""=>""OK""}]}], ""status""=>""OK""}",\n
Sukhumi,Madrid,"{""destination_addresses""=>[""Madrid, Spain""], ""origin_addresses""=>[""Sokhumi""], ""rows""=>[{""elements""=>[{""distance""=>{""text""=>""5,031 km"", ""value""=>5031109}, ""duration""=>{""text""=>""2 days 5 hours"", ""value""=>190692}, ""status""=>""OK""}]}], ""status""=>""OK""}",\n
Sukhumi,Sri Jayawardenapura Kotte,"{""destination_addresses""=>[""Sri Jayawardenepura Kotte, Sri Lanka""], ""origin_addresses""=>[""Sokhumi""], ""rows""=>[{""elements""=>[{""status""=>""ZERO_RESULTS""}]}], ""status""=>""OK""}",\n
Sukhumi,Khartoum,"{""destination_addresses""=>[""Khartoum, Sudan""], ""origin_addresses""=>[""Sokhumi""], ""rows""=>[{""elements""=>[{""distance""=>{""text""=>""4,316 km"", ""value""=>4315562}, ""duration""=>{""text""=>""3 days 11 hours"", ""value""=>299747}, ""status""=>""OK""}]}], ""status""=>""OK""}",\n
Sukhumi,Paramaribo,"{""destination_addresses""=>[""Paramaribo, Suriname""], ""origin_addresses""=>[""Sokhumi""], ""rows""=>[{""elements""=>[{""status""=>""ZERO_RESULTS""}]}], ""status""=>""OK""}",\n
Sukhumi,Mbabane,"{""destination_addresses""=>[""Mbabane, Swaziland""], ""origin_addresses""=>[""Sokhumi""], ""rows""=>[{""elements""=>[{""distance""=>{""text""=>""10,876 km"", ""value""=>10876162}, ""duration""=>{""text""=>""7 days 10 hours"", ""value""=>640380}, ""status""=>""OK""}]}], ""status""=>""OK""}",\n
Sukhumi,Stockholm,"{""destination_addresses""=>[""Stockholm, Sweden""], ""origin_addresses""=>[""Sokhumi""], ""rows""=>[{""elements""=>[{""distance""=>{""text""=>""3,196 km"", ""value""=>3195764}, ""duration""=>{""text""=>""1 day 23 hours"", ""value""=>168576}, ""status""=>""OK""}]}], ""status""=>""OK""}",\n
Sukhumi,Bern,"{""destination_addresses""=>[""Bern, Switzerland""], ""origin_addresses""=>[""Sokhumi""], ""rows""=>[{""elements""=>[{""distance""=>{""text""=>""3,811 km"", ""value""=>3811156}, ""duration""=>{""text""=>""1 day 18 hours"", ""value""=>150401}, ""status""=>""OK""}]}], ""status""=>""OK""}",\n
Sukhumi,Damascus,"{""destination_addresses""=>[""Damascus, Syria""], ""origin_addresses""=>[""Sokhumi""], ""rows""=>[{""elements""=>[{""distance""=>{""text""=>""1,590 km"", ""value""=>1590030}, ""duration""=>{""text""=>""21 hours 58 mins"", ""value""=>79080}, ""status""=>""OK""}]}], ""status""=>""OK""}",\n
Sukhumi,São Tomé,"{""destination_addresses""=>[""""], ""origin_addresses""=>[""Sokhumi""], ""rows""=>[{""elements""=>[{""status""=>""NOT_FOUND""}]}], ""status""=>""OK""}",\n
Sukhumi,Dushanbe,"{""destination_addresses""=>[""Dushanbe, Tajikistan""], ""origin_addresses""=>[""Sokhumi""], ""rows""=>[{""elements""=>[{""distance""=>{""text""=>""3,686 km"", ""value""=>3685701}, ""duration""=>{""text""=>""2 days 0 hours"", ""value""=>171891}, ""status""=>""OK""}]}], ""status""=>""OK""}",\n
Sukhumi,Dodoma,"{""destination_addresses""=>[""Dodoma, Tanzania""], ""origin_addresses""=>[""Sokhumi""], ""rows""=>[{""elements""=>[{""distance""=>{""text""=>""7,946 km"", ""value""=>7945945}, ""duration""=>{""text""=>""5 days 20 hours"", ""value""=>504618}, ""status""=>""OK""}]}], ""status""=>""OK""}",\n
Sukhumi,Bangkok,"{""destination_addresses""=>[""Bangkok, Thailand""], ""origin_addresses""=>[""Sokhumi""], ""rows""=>[{""elements""=>[{""status""=>""ZERO_RESULTS""}]}], ""status""=>""OK""}",\n
Sukhumi,Lomé,"{""destination_addresses""=>[""Lom, Bulgaria""], ""origin_addresses""=>[""Sokhumi""], ""rows""=>[{""elements""=>[{""distance""=>{""text""=>""2,225 km"", ""value""=>2225192}, ""duration""=>{""text""=>""1 day 2 hours"", ""value""=>95133}, ""status""=>""OK""}]}], ""status""=>""OK""}",\n
